,Age,LtTrk,Auto
1,0,0,0
2,1,0.2186801,0.138900963
3,2,0.244607542,0.310403303
4,3,0.175781656,0.237927998
5,4,0.116461587,0.141699589
6,5,0.076471232,0.078516395
7,6,0.050780375,0.042893656
8,7,0.034303894,0.023613641
9,8,0.023601948,0.013213931
10,9,0.016530188,0.007540293
11,10,0.01177185,0.004391012
12,11,0.008513182,0.002608623
13,12,0.00624411,0.001579653
14,13,0.004639476,0.000974004
15,14,0.003488366,0.000610844
16,15,0.002651625,0.000389223
