Level,Fwy_Rcr,Art_Rcr,Fwy_NonRcr,Art_NonRcr
None,0,0,0,0
Mod,100,-256.8444723,75,75
Hvy,47.42322186,-32.02671784,75,75
Sev,51.90452276,15.44278228,75,75
Ext,51.08100166,47.03741257,75,75
